title,website,industry,company_size,headquarters,founded,specialties
Airbus Aircraft,http://www.airbus.com,Aviation and Aerospace Component Manufacturing,10K+ employees,,aircraft manufacturing,aircraft manufacturing
Gauss & Neumann,http://gauss-neumann.com,Advertising Services,11-50 employees,,SEM and Ad Tech,SEM and Ad Tech
MCA España,http://mca-groupe.com,Information Technology & Services,1K-5K employees,,"Automovilístico, Telecomunicaciones, Bancario, Industrial, and Energético","Automovilístico, Telecomunicaciones, Bancario, Industrial, and Energético"
TransPerfect,http://www.transperfect.com,Translation and Localization,5K-10K employees,,"Translation, Language Services, Translation, Multicultural Marketing, Recruiting & Staffing, Multimedia Services, Interpretation, Call Center Support, Software Localization and Testing, Training and e-Learning, and Legal Support Services","Translation, Language Services, Translation, Multicultural Marketing, Recruiting & Staffing, Multimedia Services, Interpretation, Call Center Support, Software Localization and Testing, Training and e-Learning, and Legal Support Services"
Airbus Defence and Space,http://www.airbus.com,Defense and Space Manufacturing,10K+ employees,,"Border security, Cyber security, Defence systems, Earth observation satellites, Eurofighter Typhoon, Military aircraft, Orbital systems, Telecommunication satellites, Satellite launchers, Secure communications, Unmanned aircraft (UAS/UAV), Space, and satellites","Border security, Cyber security, Defence systems, Earth observation satellites, Eurofighter Typhoon, Military aircraft, Orbital systems, Telecommunication satellites, Satellite launchers, Secure communications, Unmanned aircraft (UAS/UAV), Space, and satellites"
Viena,http://www.viena.es,Restaurants,1K-5K employees,,"1,238 associated members
                  
                
                
                          
    
    




    LinkedIn members who’ve listed Viena as their current workplace on their profile.",
Schreiber Foods,http://www.schreiberfoods.com,Food and Beverage Manufacturing,10K+ employees,,"food, cheese, dairy, yogurt, agriculture, cream cheese, and beverages","food, cheese, dairy, yogurt, agriculture, cream cheese, and beverages"
RavenPack,https://www.ravenpack.com,Financial Services,51-200 employees,,"sentiment, news analysis, news analytics, news sentiment, automated news analysis, natural language processing, named entity recognition, big data, data mining, machine-readable news, financial research, natural language processing, event detection, machine learning, and artificial intelligence","sentiment, news analysis, news analytics, news sentiment, automated news analysis, natural language processing, named entity recognition, big data, data mining, machine-readable news, financial research, natural language processing, event detection, machine learning, and artificial intelligence"
Grifols,https://linktr.ee/Grifols,Pharmaceutical Manufacturing,10K+ employees,,"Plasmapheresis, Plasma derived therapies, Diagnostics, Intravenous therapies, Clinical nutrition, Automate drug compounding , Drug inventory control, and Healthcare","Plasmapheresis, Plasma derived therapies, Diagnostics, Intravenous therapies, Clinical nutrition, Automate drug compounding , Drug inventory control, and Healthcare"
Vanderlande,http://www.vanderlande.com,Automation Machinery Manufacturing,5K-10K employees,,"project management, solution provider, own product development, software development, Baggage handling systems, Warehouse automation, parcel, logistic process automation, Logistics & supply chain, and data solutions","project management, solution provider, own product development, software development, Baggage handling systems, Warehouse automation, parcel, logistic process automation, Logistics & supply chain, and data solutions"
PASSNFLY,http://www.passnfly.com,Aviation and Aerospace Component Manufacturing,51-200 employees,,"Automated flight Check-in, Seat and cabin class Upgrades, Boarding Pass, Ancillary Service Distribution, Travel Distribution System, Airport Operating Databases, and Direct Departure Control System","Automated flight Check-in, Seat and cabin class Upgrades, Boarding Pass, Ancillary Service Distribution, Travel Distribution System, Airport Operating Databases, and Direct Departure Control System"
Ecolab,http://www.ecolab.com,Chemical Manufacturing,10K+ employees,,"Safe Food, Clean Water, Abundant Energy, and Healthy Environments","Safe Food, Clean Water, Abundant Energy, and Healthy Environments"
Airbus Aircraft,http://www.airbus.com,Aviation and Aerospace Component Manufacturing,10K+ employees,,aircraft manufacturing,aircraft manufacturing
Straumann Group,http://www.straumann-group.com,Medical Equipment Manufacturing,5K-10K employees,,"medical device, dental implants, esthetic dentistry, tooth restoration, biomaterials, prosthetics, orthodontics, preventive dentistry, and digital dentistry","medical device, dental implants, esthetic dentistry, tooth restoration, biomaterials, prosthetics, orthodontics, preventive dentistry, and digital dentistry"
Airbus Aircraft,http://www.airbus.com,Aviation and Aerospace Component Manufacturing,10K+ employees,,aircraft manufacturing,aircraft manufacturing
TransPerfect,http://www.transperfect.com,Translation and Localization,5K-10K employees,,"Translation, Language Services, Translation, Multicultural Marketing, Recruiting & Staffing, Multimedia Services, Interpretation, Call Center Support, Software Localization and Testing, Training and e-Learning, and Legal Support Services","Translation, Language Services, Translation, Multicultural Marketing, Recruiting & Staffing, Multimedia Services, Interpretation, Call Center Support, Software Localization and Testing, Training and e-Learning, and Legal Support Services"
Glovo,https://about.glovoapp.com/,Consumer Services,1K-5K employees,,"Information Technology, Logistics, Q-Commerce, Tech, and Apps","Information Technology, Logistics, Q-Commerce, Tech, and Apps"
Siemens Gamesa,https://www.siemensgamesa.com,Renewable Energy Semiconductor Manufacturing,10K+ employees,,"Wind Turbine Generators, Offshore Wind Power, Onshore Wind Power, Renewable Energy, Energy Storage Solutions, Hybrid Energy Solutions, Wind Turbine Operation and Maintenance, Wind Power Service, Wind Energy, Wind Power, Wind Power Digitalization, Wind Digital Solutions, Wind Power Diagnostics, Heath Storage, and Wind Turbine Engineering","Wind Turbine Generators, Offshore Wind Power, Onshore Wind Power, Renewable Energy, Energy Storage Solutions, Hybrid Energy Solutions, Wind Turbine Operation and Maintenance, Wind Power Service, Wind Energy, Wind Power, Wind Power Digitalization, Wind Digital Solutions, Wind Power Diagnostics, Heath Storage, and Wind Turbine Engineering"
Freudenberg Home and Cleaning Solutions,https://www.freudenberg.com/careers/prospects/freudenberg-home-and-cleaning-solutions,"Appliances, Electrical, and Electronics Manufacturing",1K-5K employees,,"Cleaning, FMCG , Consumer , Household products, Professional Cleaning, Marketing, Consumer Brand, Cleanroom Cleaning, Building Cleaning, HoReCa, and Retail","Cleaning, FMCG , Consumer , Household products, Professional Cleaning, Marketing, Consumer Brand, Cleanroom Cleaning, Building Cleaning, HoReCa, and Retail"
Teladoc Health,http://www.teladochealth.com,Hospitals and Health Care,5K-10K employees,,"telemedicine, physician cross-coverage, online doctor consultation, electronic medical records, interactive health tools, telehealth, healthcare, employee benefits, HR benefits, healthcare benefits, 24/7 access to a board certified doctor, Mental Health, Primary Care, Chronic Care, and Virtual Care","telemedicine, physician cross-coverage, online doctor consultation, electronic medical records, interactive health tools, telehealth, healthcare, employee benefits, HR benefits, healthcare benefits, 24/7 access to a board certified doctor, Mental Health, Primary Care, Chronic Care, and Virtual Care"
Havas Media Network España,https://havasmedianetwork.com/es/,Advertising Services,501-1K employees,,"70 associated members
                  
                
                
                          
    
    




    LinkedIn members who’ve listed Havas Media Network España  as their current workplace on their profile.",
Scopely,http://www.scopely.com,Entertainment Providers,1K-5K employees,,"Mobile Games, Video Games, Interactive Entertainment, Mobile Entertainment, Game Development, Free-to-Play Games, Games Publisher, Game Design, Technology, Platform, Data, Social Apps, Social Gaming, Game Monetization, User Experience, Games Business, Engineering, App Development, iOS and Android, Entrepreneurship, Publishing Platform, Machine Learning, Personalized Experiences, Live Operations, In-App Purchases, AI, Console, Games as a Service, Games as a Platform, Software as a Service (SaaS), and Blockchain","Mobile Games, Video Games, Interactive Entertainment, Mobile Entertainment, Game Development, Free-to-Play Games, Games Publisher, Game Design, Technology, Platform, Data, Social Apps, Social Gaming, Game Monetization, User Experience, Games Business, Engineering, App Development, iOS and Android, Entrepreneurship, Publishing Platform, Machine Learning, Personalized Experiences, Live Operations, In-App Purchases, AI, Console, Games as a Service, Games as a Platform, Software as a Service (SaaS), and Blockchain"
KPMG España,https://kpmg.com/es/es.html,Accounting,5K-10K employees,,"Auditoría, Fiscal, Legal, Advisory, Abogados, Asesoramiento Financiero y de Negocio, Servicios profesionales, Management Consulting, Risk Consulting, and Transactions & Restructuring","Auditoría, Fiscal, Legal, Advisory, Abogados, Asesoramiento Financiero y de Negocio, Servicios profesionales, Management Consulting, Risk Consulting, and Transactions & Restructuring"
TransPerfect,http://www.transperfect.com,Translation and Localization,5K-10K employees,,"Translation, Language Services, Translation, Multicultural Marketing, Recruiting & Staffing, Multimedia Services, Interpretation, Call Center Support, Software Localization and Testing, Training and e-Learning, and Legal Support Services","Translation, Language Services, Translation, Multicultural Marketing, Recruiting & Staffing, Multimedia Services, Interpretation, Call Center Support, Software Localization and Testing, Training and e-Learning, and Legal Support Services"
Scopely,http://www.scopely.com,Entertainment Providers,1K-5K employees,,"Mobile Games, Video Games, Interactive Entertainment, Mobile Entertainment, Game Development, Free-to-Play Games, Games Publisher, Game Design, Technology, Platform, Data, Social Apps, Social Gaming, Game Monetization, User Experience, Games Business, Engineering, App Development, iOS and Android, Entrepreneurship, Publishing Platform, Machine Learning, Personalized Experiences, Live Operations, In-App Purchases, AI, Console, Games as a Service, Games as a Platform, Software as a Service (SaaS), and Blockchain","Mobile Games, Video Games, Interactive Entertainment, Mobile Entertainment, Game Development, Free-to-Play Games, Games Publisher, Game Design, Technology, Platform, Data, Social Apps, Social Gaming, Game Monetization, User Experience, Games Business, Engineering, App Development, iOS and Android, Entrepreneurship, Publishing Platform, Machine Learning, Personalized Experiences, Live Operations, In-App Purchases, AI, Console, Games as a Service, Games as a Platform, Software as a Service (SaaS), and Blockchain"
Ayming,https://bit.ly/3ExhqMk,Business Consulting and Services,1K-5K employees,,"Business Performance Consulting, Finance & Innovation Performance, HR Performance, R&D Tax credit, Funds, and Grants","Business Performance Consulting, Finance & Innovation Performance, HR Performance, R&D Tax credit, Funds, and Grants"
Revolut,https://www.revolut.com,Financial Services,5K-10K employees,,"Mobile Banking, Card Payments, Money Remittance, and Foreign Exchange","Mobile Banking, Card Payments, Money Remittance, and Foreign Exchange"
Airbus Aircraft,http://www.airbus.com,Aviation and Aerospace Component Manufacturing,10K+ employees,,aircraft manufacturing,aircraft manufacturing
deVere Group,http://www.deVere-group.com,Financial Services,1K-5K employees,,"Savings Plans, Pension & Retirement Planning, Lump Sum and Offshore Investment, QROPS, QNUPS, EURBS, Life Insurance, Wills, Foreign Exchange, Mortgages, International Healthcare, Fund Platform, and Online Trading","Savings Plans, Pension & Retirement Planning, Lump Sum and Offshore Investment, QROPS, QNUPS, EURBS, Life Insurance, Wills, Foreign Exchange, Mortgages, International Healthcare, Fund Platform, and Online Trading"
Minor Hotels,http://www.minorhotels.com,Hospitality,10K+ employees,,"22,603 associated members
                  
                
                
                          
    
    




    LinkedIn members who’ve listed Minor Hotels or its subsidiaries (Tivoli Hotels & Resorts, Avani Hotels and Resorts, and 6 other companies) as their current workplace on their profile.",
TransPerfect,http://www.transperfect.com,Translation and Localization,5K-10K employees,,"Translation, Language Services, Translation, Multicultural Marketing, Recruiting & Staffing, Multimedia Services, Interpretation, Call Center Support, Software Localization and Testing, Training and e-Learning, and Legal Support Services","Translation, Language Services, Translation, Multicultural Marketing, Recruiting & Staffing, Multimedia Services, Interpretation, Call Center Support, Software Localization and Testing, Training and e-Learning, and Legal Support Services"
Zurich Insurance,https://www.zurich.com/services/social-media,Insurance,10K+ employees,,"insurance, Life insurance, Casual and Property Insurance, and Investment Management","insurance, Life insurance, Casual and Property Insurance, and Investment Management"
Worldwide Clinical Trials,http://www.worldwide.com,Research Services,1K-5K employees,,"Neuroscience/Central Nervous System Clinical Research, Rare Disease Clinical Research, Oncology - Solid Tumors Clinical Research, General Medicine Clinical Research, Cardiovascular and Metabolic Clinical Research, Rare Disease, Early Phase , and Clinical Trials","Neuroscience/Central Nervous System Clinical Research, Rare Disease Clinical Research, Oncology - Solid Tumors Clinical Research, General Medicine Clinical Research, Cardiovascular and Metabolic Clinical Research, Rare Disease, Early Phase , and Clinical Trials"
ARRK Engineering GmbH,https://engineering.arrk.com,Motor Vehicle Manufacturing,1K-5K employees,,"CAE, Chassis, Powertrain, Car Body, High Voltage Battery, Interieur, Exterieur, Product Development, Passive Safety, Optical Systems, Material, Electronics & Software, Acoustics, Composite, Thermal Management, Automotive+, Prototyping, Engineering, Digitalization, Software, Autonomous Driving, Mobility, and Sustainability Management","CAE, Chassis, Powertrain, Car Body, High Voltage Battery, Interieur, Exterieur, Product Development, Passive Safety, Optical Systems, Material, Electronics & Software, Acoustics, Composite, Thermal Management, Automotive+, Prototyping, Engineering, Digitalization, Software, Autonomous Driving, Mobility, and Sustainability Management"
Revolut,https://www.revolut.com,Financial Services,5K-10K employees,,"Mobile Banking, Card Payments, Money Remittance, and Foreign Exchange","Mobile Banking, Card Payments, Money Remittance, and Foreign Exchange"
Huxley,http://www.huxley.com,Staffing and Recruiting,201-500 employees,,"Banking, Engineering, IT, Supply Chain, Financial Services, Commercial, Accounting, Insurance, Automotive, Energy, Aerospace, Manufacturing, Utilities, Enterprise Applications, Project Management, Technical Support, Security, Logistics, Pharma, Corporate Banking, Capital Markets, Asset Management, Defence, Development and Testing, and Systems and Networks","Banking, Engineering, IT, Supply Chain, Financial Services, Commercial, Accounting, Insurance, Automotive, Energy, Aerospace, Manufacturing, Utilities, Enterprise Applications, Project Management, Technical Support, Security, Logistics, Pharma, Corporate Banking, Capital Markets, Asset Management, Defence, Development and Testing, and Systems and Networks"
PLD Space,http://www.pldspace.com,Aviation and Aerospace Component Manufacturing,201-500 employees,,"Elche, Alicante",
Glovo,https://about.glovoapp.com/,Consumer Services,1K-5K employees,,"Information Technology, Logistics, Q-Commerce, Tech, and Apps","Information Technology, Logistics, Q-Commerce, Tech, and Apps"
ARQUIMEA,http://www.arquimea.com,Space Research and Technology,201-500 employees,,"Aerospacial, Electrónica, Sistemas, Biotecnología, Fintech, Aeropuertos, Seguridad, Defensa, Salud, Espacio, Agroalimentario, Satélites, Actuadores, Mecanismos, Satellites, and Space","Aerospacial, Electrónica, Sistemas, Biotecnología, Fintech, Aeropuertos, Seguridad, Defensa, Salud, Espacio, Agroalimentario, Satélites, Actuadores, Mecanismos, Satellites, and Space"
TransPerfect,http://www.transperfect.com,Translation and Localization,5K-10K employees,,"Translation, Language Services, Translation, Multicultural Marketing, Recruiting & Staffing, Multimedia Services, Interpretation, Call Center Support, Software Localization and Testing, Training and e-Learning, and Legal Support Services","Translation, Language Services, Translation, Multicultural Marketing, Recruiting & Staffing, Multimedia Services, Interpretation, Call Center Support, Software Localization and Testing, Training and e-Learning, and Legal Support Services"
Revolut,https://www.revolut.com,Financial Services,5K-10K employees,,"Mobile Banking, Card Payments, Money Remittance, and Foreign Exchange","Mobile Banking, Card Payments, Money Remittance, and Foreign Exchange"
Worldwide Clinical Trials,http://www.worldwide.com,Research Services,1K-5K employees,,"Neuroscience/Central Nervous System Clinical Research, Rare Disease Clinical Research, Oncology - Solid Tumors Clinical Research, General Medicine Clinical Research, Cardiovascular and Metabolic Clinical Research, Rare Disease, Early Phase , and Clinical Trials","Neuroscience/Central Nervous System Clinical Research, Rare Disease Clinical Research, Oncology - Solid Tumors Clinical Research, General Medicine Clinical Research, Cardiovascular and Metabolic Clinical Research, Rare Disease, Early Phase , and Clinical Trials"
dsm-firmenich,http://www.dsm-firmenich.com,Chemical Manufacturing,10K+ employees,,"fragrances, ingredients, flavours, natural ingredients, perfumery and beauty, sustainability, health, animal nutrition and health, taste, texture and health, nutrition, vitamins, early life nutrition, baking ingredients, and biomedical","fragrances, ingredients, flavours, natural ingredients, perfumery and beauty, sustainability, health, animal nutrition and health, taste, texture and health, nutrition, vitamins, early life nutrition, baking ingredients, and biomedical"
Schneider Electric,https://www.se.com/,Automation Machinery Manufacturing,10K+ employees,,"Industrial Automation, Energy Management, Digital Automation, Sustainability, Innovation, Digitalization, Artificial Intelligence, Engineering, Cybersecurity, Renewables, Digital Supply Chain, Manufacturing, Electrification, Building Management Systems, Power Systems and Services , Microgrids, Industrial Software Design and Optimization, Prosumer, Solar and Energy Storage, Services, and Software-centric Automation & Solutions","Industrial Automation, Energy Management, Digital Automation, Sustainability, Innovation, Digitalization, Artificial Intelligence, Engineering, Cybersecurity, Renewables, Digital Supply Chain, Manufacturing, Electrification, Building Management Systems, Power Systems and Services , Microgrids, Industrial Software Design and Optimization, Prosumer, Solar and Energy Storage, Services, and Software-centric Automation & Solutions"
Deloitte,http://www.deloitte.com/,Business Consulting and Services,10K+ employees,,"Audit, Consulting, Financial Advisory, Risk Management, and Tax Services","Audit, Consulting, Financial Advisory, Risk Management, and Tax Services"
Revolut,https://www.revolut.com,Financial Services,5K-10K employees,,"Mobile Banking, Card Payments, Money Remittance, and Foreign Exchange","Mobile Banking, Card Payments, Money Remittance, and Foreign Exchange"
GE Vernova,https://linktree.com/gevernova,Electric Power Generation,10K+ employees,,"10,001+ employees",
MAPFRE,http://www.mapfre.com,Insurance,10K+ employees,,"Seguros Particulares, Seguros Profesionales, Seguros Empresas, and Fondos de Inversión y Fondos-Planes de Pensiones","Seguros Particulares, Seguros Profesionales, Seguros Empresas, and Fondos de Inversión y Fondos-Planes de Pensiones"
Dojo,https://dojo.careers,Financial Services,1K-5K employees,,"1,521 associated members
                  
                
                
                          
    
    




    LinkedIn members who’ve listed Dojo as their current workplace on their profile.",
Socialpoint,https://www.socialpoint.es,Mobile Gaming Apps,201-500 employees,,"Video Games, Strategy Games, Social Gaming, MMO, Art, Online Advertising, Mobile, Mobile gaming, and game development","Video Games, Strategy Games, Social Gaming, MMO, Art, Online Advertising, Mobile, Mobile gaming, and game development"
"Denox, Expertos en Comercio Electrónico",http://www.denox.es,"Technology, Information and Internet",11-50 employees,,"Expertos Comercio electrónico, Desarrollo APPS, Desarrollo de tiendas virtuales, Diseño tiendas online, Marketing online, SEO/SEM/SMO, Diseño integral, Expertos osCommerce, Ilustracion, Diseño Editorial, Packagings, Imagenes corporativas, osCommerce, Desarrollo eCommerce a Medida, Prestashop, Magento, and Woocommerce","Expertos Comercio electrónico, Desarrollo APPS, Desarrollo de tiendas virtuales, Diseño tiendas online, Marketing online, SEO/SEM/SMO, Diseño integral, Expertos osCommerce, Ilustracion, Diseño Editorial, Packagings, Imagenes corporativas, osCommerce, Desarrollo eCommerce a Medida, Prestashop, Magento, and Woocommerce"
Architechtures,https://architechtures.com/en/,Software Development,2-10 employees,,"AI, BIM, Building Design, Residential Buildings, Design Software, SaaS, Architecture, Cloud Computing, Artificial Intelligence, Real Estate, Innovation, Startup, PropTech, Architecture, and DeepLearning","AI, BIM, Building Design, Residential Buildings, Design Software, SaaS, Architecture, Cloud Computing, Artificial Intelligence, Real Estate, Innovation, Startup, PropTech, Architecture, and DeepLearning"
Eurofins Megalab,https://eurofins-megalab.com/,Wellness and Fitness Services,201-500 employees,,Análisis Clínicos,Análisis Clínicos
Key Talent Indicator,https://www.keytalentindicator.io/?utm_source=LKDKTIProfile,Human Resources Services,51-200 employees,,"Madrid, Comunidad de Madrid",
Cegid,http://www.cegid.com,Software Development,1K-5K employees,,Cloud Services & Software,Cloud Services & Software
FCM Travel Spain,https://www.fcmtravel.com/es-es,Travel Arrangements,51-200 employees,,"18 associated members
                  
                
                
                          
    
    




    LinkedIn members who’ve listed FCM Travel Spain as their current workplace on their profile.",
Westinghouse Electric Company,http://www.westinghousenuclear.com,Utilities,5K-10K employees,,"nuclear power, new plant, plant upgrades, nuclear fuel, and outage services","nuclear power, new plant, plant upgrades, nuclear fuel, and outage services"
OBRAMAT,https://obramat.es,Retail,5K-10K employees,,"2,774 associated members
                  
                
                
                          
    
    




    LinkedIn members who’ve listed OBRAMAT as their current workplace on their profile.",
Factorial,https://factorialhr.com,Software Development,501-1K employees,,"Human Resources, Software, Benefits for employees, hr, recursos humanos, rrhh, beneficios para empleados, and payroll","Human Resources, Software, Benefits for employees, hr, recursos humanos, rrhh, beneficios para empleados, and payroll"
Digidentity,http://www.digidentity.eu/,"Technology, Information and Internet",51-200 employees,,"Identity Provider, Authentication, Online privacy, Online security, Digital identity, Privacy, eIDAS, Digitaal zakendoen, Digitale identiteit, eHerkenning, PKIoverheid, KYC, Identity proofing, eSignatures, and Digital signing","Identity Provider, Authentication, Online privacy, Online security, Digital identity, Privacy, eIDAS, Digitaal zakendoen, Digitale identiteit, eHerkenning, PKIoverheid, KYC, Identity proofing, eSignatures, and Digital signing"
JOYNEXT,http://www.joynext.com,Motor Vehicle Manufacturing,1K-5K employees,,"1,001-5,000 employees",
Kyndryl,https://kyndryl.com,IT Services and IT Consulting,10K+ employees,,"Cloud Services for public cloud and private cloud, Enterprise Data Services, Security & Resiliency Services, Enterprise Infrastructure Services, Digital Workplace Services, and  Infrastructure Management for Applications","Cloud Services for public cloud and private cloud, Enterprise Data Services, Security & Resiliency Services, Enterprise Infrastructure Services, Digital Workplace Services, and  Infrastructure Management for Applications"
Sener,https://www.group.sener,Engineering Services,1K-5K employees,,"Ingeniería Aeroespacial, Aerospace Engineering, Infraestructuras y Transporte, Infrastructures and Transport, Marine Engineering, and Ingeniería Naval","Ingeniería Aeroespacial, Aerospace Engineering, Infraestructuras y Transporte, Infrastructures and Transport, Marine Engineering, and Ingeniería Naval"
THE CT ENGINEERING GROUP,http://www.thectengineeringgroup.com,IT Services and IT Consulting,1K-5K employees,,"Product Engineering, Manufacturing Engineering, Design Engineering, Support Engineering, Systems Analysis, Structural Design, Stress Analysis, Systems Installations, Customer Service, Aerostructures, Vessels, Industrial Plants, Electrical Substations, Automotive, Rail, and BIM Methodology","Product Engineering, Manufacturing Engineering, Design Engineering, Support Engineering, Systems Analysis, Structural Design, Stress Analysis, Systems Installations, Customer Service, Aerostructures, Vessels, Industrial Plants, Electrical Substations, Automotive, Rail, and BIM Methodology"
Aegon Seguros,https://www.aegon.es,Insurance,501-1K employees,,seguros and aseguradora,seguros and aseguradora
Sener Aerospace & Defence,https://www.aeroespacial.sener,Defense and Space Manufacturing,1K-5K employees,,"Aeroespacial, Espacio, Astronomía, radio frecuencia, antenas, radio frecuencia, sistemas de navegación y control, sistemas electromecánicos, telescopios, radio frequency, Space, Aerospace, Astronomy, Antennas, navigation systems, communications satellites, electromechanical systems, communications links, telescopes, GNC/AOCS, Defence, defensa, and Broadcast","Aeroespacial, Espacio, Astronomía, radio frecuencia, antenas, radio frecuencia, sistemas de navegación y control, sistemas electromecánicos, telescopios, radio frequency, Space, Aerospace, Astronomy, Antennas, navigation systems, communications satellites, electromechanical systems, communications links, telescopes, GNC/AOCS, Defence, defensa, and Broadcast"
Conmuta Soluciones S.L,http://www.conmuta.es,Information Technology & Services,11-50 employees,,Software centros CAT,Software centros CAT
CGI,https://cgi.com,IT Services and IT Consulting,10K+ employees,,"Business consulting, Systems integration, Intellectual property, Managed IT, Business process services, Digital transformation, Emerging technology, information technology, and artificial intelligence","Business consulting, Systems integration, Intellectual property, Managed IT, Business process services, Digital transformation, Emerging technology, information technology, and artificial intelligence"
NTT DATA Europe & Latam,/search/results/people/?currentCompany=%5B%2276533648%22%5D&origin=COMPANY_PAGE_CANNED_SEARCH,IT Services and IT Consulting,10K+ employees,,"10,001+ employees",
Reale Seguros,https://www.reale.es,Insurance,1K-5K employees,,"Seguros, auto, hogar, vida, moto, and mascotas","Seguros, auto, hogar, vida, moto, and mascotas"
Architechtures,https://architechtures.com/en/,Software Development,2-10 employees,,"AI, BIM, Building Design, Residential Buildings, Design Software, SaaS, Architecture, Cloud Computing, Artificial Intelligence, Real Estate, Innovation, Startup, PropTech, Architecture, and DeepLearning","AI, BIM, Building Design, Residential Buildings, Design Software, SaaS, Architecture, Cloud Computing, Artificial Intelligence, Real Estate, Innovation, Startup, PropTech, Architecture, and DeepLearning"
"Denox, Expertos en Comercio Electrónico",http://www.denox.es,"Technology, Information and Internet",11-50 employees,,"Expertos Comercio electrónico, Desarrollo APPS, Desarrollo de tiendas virtuales, Diseño tiendas online, Marketing online, SEO/SEM/SMO, Diseño integral, Expertos osCommerce, Ilustracion, Diseño Editorial, Packagings, Imagenes corporativas, osCommerce, Desarrollo eCommerce a Medida, Prestashop, Magento, and Woocommerce","Expertos Comercio electrónico, Desarrollo APPS, Desarrollo de tiendas virtuales, Diseño tiendas online, Marketing online, SEO/SEM/SMO, Diseño integral, Expertos osCommerce, Ilustracion, Diseño Editorial, Packagings, Imagenes corporativas, osCommerce, Desarrollo eCommerce a Medida, Prestashop, Magento, and Woocommerce"
Eurofins Megalab,https://eurofins-megalab.com/,Wellness and Fitness Services,201-500 employees,,Análisis Clínicos,Análisis Clínicos
Architechtures,https://architechtures.com/en/,Software Development,2-10 employees,,"AI, BIM, Building Design, Residential Buildings, Design Software, SaaS, Architecture, Cloud Computing, Artificial Intelligence, Real Estate, Innovation, Startup, PropTech, Architecture, and DeepLearning","AI, BIM, Building Design, Residential Buildings, Design Software, SaaS, Architecture, Cloud Computing, Artificial Intelligence, Real Estate, Innovation, Startup, PropTech, Architecture, and DeepLearning"
Key Talent Indicator,https://www.keytalentindicator.io/?utm_source=LKDKTIProfile,Human Resources Services,51-200 employees,,"Madrid, Comunidad de Madrid",
FCM Travel Spain,https://www.fcmtravel.com/es-es,Travel Arrangements,51-200 employees,,"18 associated members
                  
                
                
                          
    
    




    LinkedIn members who’ve listed FCM Travel Spain as their current workplace on their profile.",
MA (Montreal Associates),http://www.montrealassociates.com,Staffing and Recruiting,51-200 employees,,"Recruitment, Tech Recruitment , Executive Search, IT Recruitment, Statement of Work SoW , Permanent IT Recruitment, Contract IT Recruitment, Salesforce Recruitment, IT Staffing, SAP Recruitment, ServiceNow Recruitment, Microsoft Recruitment, Software Development Recruitment, Digital Transformation Recruitment, Data & BI Recruitment, Cybersecurity Recruitment, Cloud Recruitment, Infrastructure Recruitment, IT Recruitment Europe, and IT Staffing America","Recruitment, Tech Recruitment , Executive Search, IT Recruitment, Statement of Work SoW , Permanent IT Recruitment, Contract IT Recruitment, Salesforce Recruitment, IT Staffing, SAP Recruitment, ServiceNow Recruitment, Microsoft Recruitment, Software Development Recruitment, Digital Transformation Recruitment, Data & BI Recruitment, Cybersecurity Recruitment, Cloud Recruitment, Infrastructure Recruitment, IT Recruitment Europe, and IT Staffing America"
Digidentity,http://www.digidentity.eu/,"Technology, Information and Internet",51-200 employees,,"Identity Provider, Authentication, Online privacy, Online security, Digital identity, Privacy, eIDAS, Digitaal zakendoen, Digitale identiteit, eHerkenning, PKIoverheid, KYC, Identity proofing, eSignatures, and Digital signing","Identity Provider, Authentication, Online privacy, Online security, Digital identity, Privacy, eIDAS, Digitaal zakendoen, Digitale identiteit, eHerkenning, PKIoverheid, KYC, Identity proofing, eSignatures, and Digital signing"
NUNSYS,http://nunsys.com,IT Services and IT Consulting,1K-5K employees,,"Business Intelligence, Industria 4.0, Comunicaciones, Sistemas, Ciberseguridad, Big Data, Smart Cities, Servicios Gestionados de Impresión y Contenidos, Data center, comunicaciones unificadas, audiovisuales, pantallas led, and formación tecnológica","Business Intelligence, Industria 4.0, Comunicaciones, Sistemas, Ciberseguridad, Big Data, Smart Cities, Servicios Gestionados de Impresión y Contenidos, Data center, comunicaciones unificadas, audiovisuales, pantallas led, and formación tecnológica"
TineVerse,https://www.tineverse.es/,Business Consulting and Services,11-50 employees,,"13 associated members
                  
                
                
                          
    
    




    LinkedIn members who’ve listed TineVerse as their current workplace on their profile.",
Ingecid,http://www.ingecid.es/,Civil Engineering,51-200 employees,,"Ingeniería civil, Dirección de proyectos, Cálculo de estructuras y térmico, Ingeniería radiológica, Gestión de proyectos BIM, I+D+i, Ingeniería nuclear, Energías renovables, BIM, DATA, and Desarrollo de software","Ingeniería civil, Dirección de proyectos, Cálculo de estructuras y térmico, Ingeniería radiológica, Gestión de proyectos BIM, I+D+i, Ingeniería nuclear, Energías renovables, BIM, DATA, and Desarrollo de software"
JOYNEXT,http://www.joynext.com,Motor Vehicle Manufacturing,1K-5K employees,,"1,001-5,000 employees",
Kyndryl,https://kyndryl.com,IT Services and IT Consulting,10K+ employees,,"Cloud Services for public cloud and private cloud, Enterprise Data Services, Security & Resiliency Services, Enterprise Infrastructure Services, Digital Workplace Services, and  Infrastructure Management for Applications","Cloud Services for public cloud and private cloud, Enterprise Data Services, Security & Resiliency Services, Enterprise Infrastructure Services, Digital Workplace Services, and  Infrastructure Management for Applications"
Robert Walters,https://www.robertwalters.co.uk/,Staffing and Recruiting,1K-5K employees,,"Accountancy & Finance, Marketing & Sales, Banking & Financial Services, Risk & Compliance, HR, Secretarial, IT, Tax, Legal, Treasury, Supply Chain & Procurement, Insurance, Investment Management, Engineering, Interim Management, RPO, Contingent Workforce Solutions, Talent Advisory, ESG, and Equity, Diversity & Inclusion","Accountancy & Finance, Marketing & Sales, Banking & Financial Services, Risk & Compliance, HR, Secretarial, IT, Tax, Legal, Treasury, Supply Chain & Procurement, Insurance, Investment Management, Engineering, Interim Management, RPO, Contingent Workforce Solutions, Talent Advisory, ESG, and Equity, Diversity & Inclusion"
Sener,https://www.group.sener,Engineering Services,1K-5K employees,,"Ingeniería Aeroespacial, Aerospace Engineering, Infraestructuras y Transporte, Infrastructures and Transport, Marine Engineering, and Ingeniería Naval","Ingeniería Aeroespacial, Aerospace Engineering, Infraestructuras y Transporte, Infrastructures and Transport, Marine Engineering, and Ingeniería Naval"
MCA España,http://mca-groupe.com,Information Technology & Services,1K-5K employees,,"Automovilístico, Telecomunicaciones, Bancario, Industrial, and Energético","Automovilístico, Telecomunicaciones, Bancario, Industrial, and Energético"
Sener,https://www.group.sener,Engineering Services,1K-5K employees,,"Ingeniería Aeroespacial, Aerospace Engineering, Infraestructuras y Transporte, Infrastructures and Transport, Marine Engineering, and Ingeniería Naval","Ingeniería Aeroespacial, Aerospace Engineering, Infraestructuras y Transporte, Infrastructures and Transport, Marine Engineering, and Ingeniería Naval"
Reale Seguros,https://www.reale.es,Insurance,1K-5K employees,,"Seguros, auto, hogar, vida, moto, and mascotas","Seguros, auto, hogar, vida, moto, and mascotas"
Grifols,https://linktr.ee/Grifols,Pharmaceutical Manufacturing,10K+ employees,,"Plasmapheresis, Plasma derived therapies, Diagnostics, Intravenous therapies, Clinical nutrition, Automate drug compounding , Drug inventory control, and Healthcare","Plasmapheresis, Plasma derived therapies, Diagnostics, Intravenous therapies, Clinical nutrition, Automate drug compounding , Drug inventory control, and Healthcare"
GMV,https://www.gmv.com,IT Services and IT Consulting,1K-5K employees,,"IT, software, Aeronautics, Banking and Finances, Space, Defense, Security, Telecommunications, Cybersecurity, Automotive, Intelligent Transportation Systems, ICT, Healthcare, Industry, and ITS","IT, software, Aeronautics, Banking and Finances, Space, Defense, Security, Telecommunications, Cybersecurity, Automotive, Intelligent Transportation Systems, ICT, Healthcare, Industry, and ITS"
Globant,https://globant.link/3YqJVI4,IT Services and IT Consulting,10K+ employees,,"AI, Blockchain, IoT, Big Data, Digital Content , Gaming, Design, UX, Agile, Mobile, Scalable Platforms, Cloud Ops, Cybersecurity, Future of Organizations, Product Acceleration, sustainability, Life Sciences, Healthcare, Data, Consultancy, Metaverse, Enterprise, SAP, Oracle, ServiceNow, Media & Entertainment, Airlines, Healthcare, Staffing, Gaming, Low code, Super apps, and Process Optimization","AI, Blockchain, IoT, Big Data, Digital Content , Gaming, Design, UX, Agile, Mobile, Scalable Platforms, Cloud Ops, Cybersecurity, Future of Organizations, Product Acceleration, sustainability, Life Sciences, Healthcare, Data, Consultancy, Metaverse, Enterprise, SAP, Oracle, ServiceNow, Media & Entertainment, Airlines, Healthcare, Staffing, Gaming, Low code, Super apps, and Process Optimization"
